X0;X1;X2;X3;X4;X4;X6;X7;X8;X9;X10;X11
1;619;RS;Feminino;42;2;0;1;1;1;10134888;1
2;608;SC;Feminino;41;1;8380786;1;0;1;11254258;0
3;502;RS;Feminino;42;8;1596608;3;1;0;11393157;1
4;699;RS;Feminino;39;1;0;2;0;0;9382663;0
5;850;SC;Feminino;43;2;12551082;1;1;1;790841;0
6;645;SC;Masculino;44;8;11375578;2;1;0;14975671;1
7;822;RS;M;50;7;0;2;1;1;100628;0
8;376;PR;Feminino;29;4;11504674;4;1;0;11934688000;1
9;501;RS;Masculino;44;4;14205107;2;0;1;749405;0
10;684;RS;Masculino;27;2;13460388;1;1;1;7172573;0
11;528;RS;Masculino;31;6;10201672;2;0;0;8018112;0
12;497;SC;Masculino;24;3;0;2;1;0;7639001;0
13;476;RS;Feminino;34;10;0;2;1;0;2626098;0
14;549;RS;Feminino;25;5;0;2;0;0;19085779;0
15;635;SC;Feminino;35;7;0;2;1;1;6595165;0
16;616;PR;M;45;3;14312941;2;0;1;6432726;0
17;653;PR;Masculino;58;1;13260288;1;1;0;509767;1
18;549;SC;Feminino;24;9;0;2;1;1;;0
19;587;SC;Masculino;45;6;0;1;0;0;15868481;0
20;726;RS;Feminino;24;6;0;2;1;1;5472403;0
21;732;RS;M;41;8;0;2;1;1;17088617;0
22;636;SC;Feminino;32;8;0;2;1;0;13855546;0
23;510;RP;Feminino;38;4;0;1;1;0;11891353;1
24;669;RS;Masculino;46;3;0;2;0;1;848775;0
25;846;RS;Feminino;38;5;0;1;1;1;18761616;0
26;577;RS;Masculino;25;3;0;2;0;1;12450829;0
27;756;PR;Masculino;36;2;13681564;1;1;1;17004195;0
28;571;RS;Masculino;44;9;0;2;0;0;10000;0
29;574;SP;Feminino;43;3;14134943;1;1;1;10018743;0
30;411;RS;Masculino;29;0;5969717;2;1;1;5348321;0
31;591;SC;Feminino;39;3;0;3;1;0;14046938;1
32;533;RS;Masculino;36;7;853117;1;0;1;15673191;0
33;553;SP;Masculino;41;9;11011254;2;0;0;8189881;0
34;520;SC;Feminino;42;6;0;2;1;1;3441055;0
35;722;SC;Feminino;29;9;0;2;1;1;14203307;0
36;475;RS;Feminino;45;0;13426404;1;1;0;2782299;1
37;490;SC;Masculino;31;3;14526023;1;0;1;11406677;0
38;804;SC;Masculino;33;7;765486;1;0;1;9845345;0
39;850;RS;Masculino;36;7;0;1;1;1;408129;0
40;582;PR;Masculino;41;6;7034948;2;0;1;17807404;0
41;472;SC;Masculino;40;4;0;1;1;0;7015422;0
42;465;RS;Feminino;51;8;12252232;1;0;0;18129765;1
43;556;RS;Feminino;61;2;11741935;1;1;1;9415383;0
44;834;RS;Feminino;49;2;13139456;1;0;0;19436576;1
45;660;SC;Feminino;61;5;15593111;1;1;1;15833839;0
46;776;PR;Feminino;32;4;10942113;2;1;1;12651746;0
47;829;PR;Feminino;27;9;11204567;1;1;1;11970821;1
48;637;PR;Feminino;39;9;1378438;1;1;1;1176228;1
49;550;PR;Masculino;38;2;10339138;1;0;1;9087813;0
50;776;PR;Feminino;37;2;10376922;2;1;0;19409912;0
51;698;PR;Masculino;44;10;11636337;2;1;0;19805916;0
52;585;PR;Masculino;36;5;14605097;2;0;0;8642457;0
53;788;RS;Feminino;33;5;0;2;0;0;;0
54;655;PR;Masculino;41;8;12556197;1;0;0;16404094;1
55;601;PR;Masculino;42;1;9849572;1;1;0;4001476;1
56;619;SP;Masculino;43;1;12521192;1;1;1;11341049;0
57;656;RS;Masculino;45;5;1278644;1;1;0;8710757;0
58;725;PR;Masculino;19;0;758882;1;0;0;4561375;0
59;511;SC;Feminino;66;4;0;1;1;0;164311;1
60;614;RS;Masculino;51;4;4068592;1;1;1;4677528;0
61;742;PR;Masculino;35;5;136857;1;0;0;8450957;0
62;687;PR;Feminino;27;9;15232888;2;0;0;12649482;0
63;555;SC;Masculino;33;1;5608469;2;0;0;17879813;0
64;684;SC;Masculino;56;8;7870716;1;1;1;9939836;0
65;603;PR;;26;4;10916637;1;1;1;9284067;0
66;751;PR;Feminino;36;6;16983146;2;1;1;2775836;0
67;581;PR;Feminino;34;1;10163304;1;1;0;11043151;0
68;735;PR;Masculino;43;10;12318001;2;1;1;19667328;0
69;661;PR;Feminino;35;5;15072553;2;0;1;11365685;0
70;675;RS;Feminino;21;8;9837326;1;1;0;18203;0
71;738;PR;Masculino;58;2;13374544;4;1;0;2837386;1
72;813;RS;Masculino;29;6;0;1;1;0;3395387;0
73;657;SC;Feminino;37;0;16360718;1;0;1;4420355;0
74;604;PR;Feminino;25;5;15778084;2;1;1;5842681;0
75;519;RS;Masculino;36;9;0;2;0;1;1455624;0
76;735;SP;Feminino;21;1;17871819;2;1;0;22388;0
77;664;RS;Masculino;55;8;0;2;1;1;13916164;0
78;678;RS;Feminino;32;9;0;1;1;1;14821064;0
79;757;SC;Masculino;33;5;7725322;1;0;1;19423963;0
80;416;PR;Feminino;41;10;12218966;2;1;0;9830161;0
81;665;RS;Feminino;34;1;9664554;2;0;0;17141366;0
81;665;RS;Feminino;34;1;9664554;2;0;0;17141366;0
84;543;RS;Feminino;36;3;0;2;0;0;2601959;0
85;506;RS;Feminino;34;4;9030762;1;1;1;15923529;0
86;493;RS;;46;4;0;2;1;0;190766;0
87;652;SC;Feminino;75;10;0;2;1;1;11467575;0
88;750;SC;Masculino;22;3;12168182;1;1;0;12864335;1
89;729;RS;Masculino;30;9;0;2;1;0;15186935;0
90;646;RS;Feminino;46;4;0;3;1;0;9325142;1
91;635;PR;Feminino;28;3;8162367;2;1;1;15679136;0
92;647;SC;Feminino;44;5;0;3;1;1;17420522;1
93;808;RS;Masculino;45;7;11862655;2;1;0;14713246;0
94;524;RS;Feminino;36;10;0;2;1;0;10961457;0
95;769;TD;Masculino;29;8;0;2;1;1;17229061;0
96;730;SC;Masculino;42;4;0;2;0;1;8598247;0
97;515;SC;Masculino;35;10;17627395;1;0;1;12127778;0
98;773;SC;Masculino;41;9;10282744;1;0;1;6459525;0
99;814;PR;Masculino;29;8;970864;2;1;1;19727613;0
100;710;SC;Masculino;22;8;0;2;0;0;9964504;0
101;413;RS;Masculino;34;9;0;2;0;0;653418;0
102;665;RS;Feminino;40;6;0;1;1;1;16184803;0
103;623;RS;Feminino;44;6;0;2;0;0;16716243;0
104;738;RS;Masculino;31;9;8267415;1;1;0;4197072;0
105;528;SC;Masculino;36;7;0;2;1;0;6053656;0
106;670;SC;Feminino;65;1;0;1;1;1;17765568;1
107;622;SC;Feminino;46;4;10707327;2;1;1;3098459;1
108;582;PR;Masculino;32;1;8893862;1;1;1;1005453;0
109;785;PR;Feminino;36;2;9980685;1;0;1;3697652;0
110;605;SC;Masculino;33;5;1500928;1;0;0;7186279;0
111;479;PR;Masculino;35;9;9283389;1;1;0;9944986;1
112;685;PR;Masculino;30;3;9053681;1;0;1;6308288;0
113;538;PR;Masculino;39;7;1080551;2;1;0;2723126;0
114;562;RS;Masculino;42;2;10023835;1;0;0;8679741;0
115;675;SC;Masculino;36;9;10619055;1;0;1;2299432;0
116;721;PR;Masculino;28;9;15447554;2;0;1;10130094;1
117;628;PR;Feminino;30;9;13235129;2;1;1;7416913;0
118;668;PR;Feminino;37;6;1678644;1;1;0;11563829000;0
119;506;RS;Feminino;41;1;0;2;1;0;317663;0
120;524;PR;Feminino;31;8;10781863;1;1;0;19972539;1
121;699;PR;M;34;4;18517381;2;1;0;12083448;0
122;828;RS;Masculino;34;8;12943334;2;0;0;3813177;0
123;674;SC;Masculino;39;6;12019342;1;0;0;10013095;0
124;656;RS;Feminino;39;6;0;2;1;0;14106988;0
125;684;PR;Feminino;48;10;12638442;1;1;1;19812936;0
126;625;RS;Feminino;28;3;0;1;0;0;18364641;0
127;432;RS;Masculino;42;9;15260345;1;1;0;11026524;1
128;549;RS;Feminino;52;1;0;1;0;1;863605;1
129;625;PR;Masculino;56;0;14850724;1;1;0;4682408;1
130;828;RS;Feminino;41;7;0;2;1;0;17137877;0
131;770;RS;Masculino;24;9;10182707;1;1;0;16725635;0
132;758;RS;Feminino;34;3;0;2;1;1;12422616;0
133;795;PR;F;33;9;13086243;1;1;1;11493521;0
134;687;RS;Masculino;38;9;12257087;1;1;1;3560888;0
135;686;RS;Masculino;25;1;0;2;0;1;1645937;0
136;789;PR;Masculino;39;7;12482846;2;1;1;12441108;0
137;589;PR;Feminino;50;5;14489505;2;1;1;3494123;0
138;461;PR;Feminino;34;5;6366393;1;0;1;16778428;0
139;637;RS;Masculino;40;2;1334631;1;0;1;9316534;0
140;584;SC;Feminino;48;2;2131462;1;1;0;7516125;1
141;579;SC;Feminino;35;1;12949036;2;0;1;859083;1
142;756;PR;Masculino;44;10;13745209;1;1;0;1895439;0
143;663;RS;Fem;34;7;0;2;1;1;18042724;0
144;682;RS;Feminino;43;5;12585193;1;1;1;19331833;0
145;793;SC;Masculino;52;2;0;1;1;0;15912382;1
146;691;RS;Feminino;31;5;4091555;1;1;0;12621384;1
147;485;SC;Feminino;21;5;11315722;1;1;1;541415;0
148;635;SC;Feminino;29;8;13829694;2;1;0;14107551;0
149;650;RS;Masculino;37;5;10696718;1;0;0;2449503;0
150;735;RS;Masculino;44;9;12068163;1;1;0;7483634;0
151;416;RS;Masculino;32;0;0;2;0;1;87887;0
152;754;SC;Feminino;32;7;0;2;1;0;8952075;0
153;535;RS;Feminino;48;9;0;1;1;0;14989279;1
154;716;SC;Masculino;42;8;0;2;1;0;18080042;0
155;539;RS;Masculino;37;2;12760959;1;1;0;9864622;0
156;614;RS;Feminino;43;6;0;2;1;1;10904153;0
157;706;SC;Masculino;57;7;0;1;1;0;1794116;1
158;758;RS;Feminino;33;7;0;2;0;0;8299647;0
159;586;SC;Feminino;28;2;0;2;1;1;9206735;0
160;646;RS;Feminino;73;6;9725925;1;0;1;10471966;0
161;631;PR;Feminino;33;4;1232467;1;0;0;11268757;0
162;717;SC;Feminino;22;6;10106025;1;0;1;8469956;0
163;684;RS;Masculino;30;2;0;2;1;0;8347382;0
164;800;RS;Feminino;49;7;10800736;1;0;0;4712511;0
165;721;SC;Feminino;36;2;0;2;1;1;1069778;0
166;683;SC;Masculino;29;0;13370289;1;1;0;5558254;1
167;660;PR;Masculino;31;9;12518975;2;1;1;13987443;0
168;704;PR;Feminino;24;7;11303422;1;1;0;16250348;1
169;615;SC;Feminino;41;9;10901323;1;1;0;19649996;0
170;667;SC;Feminino;39;2;0;2;1;0;4072124;1
171;682;PR;Masculino;24;9;5792981;2;0;0;531343;0
172;484;RS;Feminino;29;4;13011439;1;1;0;1640178900;0
173;628;PR;Masculino;27;5;9582649;2;1;0;15599696;0
174;480;PR;Masculino;44;10;12960857;1;1;0;54727;1
175;578;RS;Masculino;30;4;16946209;1;1;0;11218711;0
176;512;RS;Masculino;40;5;0;2;1;1;14645783;0
177;484;SC;Feminino;35;7;13386821;1;1;1;272861;0
178;510;RS;Feminino;30;0;0;2;1;1;13055347;0
179;606;PR;Masculino;36;5;19047948;2;0;0;17935189;0
180;597;SC;Feminino;40;8;10199312;1;0;1;9477412;0
181;754;PR;Feminino;55;3;16160881;1;1;0;;1
182;850;SC;Feminino;45;2;12231121;1;1;1;194825;0
183;510;RS;Masculino;65;2;0;2;1;1;4807161;0
184;778;PR;Feminino;45;1;16215042;2;1;0;17453127;0
185;636;RS;Masculino;42;2;0;2;1;1;5547078;0
186;804;RS;Feminino;50;4;0;1;1;1;854687;1
187;514;RS;Masculino;32;8;0;2;1;0;9585718;0
188;730;RS;Feminino;39;1;9901067;1;1;0;1949458;0
189;525;SC;Feminino;37;0;0;1;0;1;13152172;0
190;616;SC;Masculino;30;5;0;2;0;1;19610851;0
191;687;PR;Feminino;34;7;11138818;2;1;0;14856476;0
192;715;RS;Feminino;41;8;5621485;2;0;0;9298261;1
193;512;RS;Feminino;36;3;8432777;2;1;0;1767536;0
194;479;RS;Masculino;40;1;0;2;0;0;11499643;0
195;601;RS;Masculino;32;8;9301289;1;1;0;8695742;0
196;580;SC;Masculino;29;9;6171044;2;1;0;1280778;0
197;807;RS;Masculino;35;3;17479015;1;1;1;60036;0
198;616;SC;Feminino;32;6;0;2;1;1;4300146;0
199;721;PR;Masculino;37;3;10772064;1;1;1;15859112;0
200;501;RS;Masculino;57;10;0;2;1;1;4784719;0
201;521;RS;Masculino;35;6;9642384;1;1;0;1048844;0
202;850;SC;Masculino;30;2;14104001;1;1;1;59782;0
203;759;RS;Masculino;42;4;10542018;1;0;1;12140906;0
204;516;SC;Masculino;50;5;0;1;0;1;14614593;1
205;711;RS;Feminino;38;2;12902206;2;1;1;1437486;1
206;512;SC;Masculino;33;3;17666662;1;1;0;9467077;0
207;550;RS;Masculino;37;3;0;1;1;1;17967031;0
208;608;SC;Feminino;41;3;8976384;1;0;0;19930474;1
209;618;RS;Masculino;34;5;13495453;1;1;1;15195439;0
210;643;RS;Masculino;45;5;0;1;1;0;1425135;1
211;671;RS;Masculino;45;2;10637685;1;0;1;15826462;0
212;689;PR;Masculino;33;2;16181464;2;1;0;1693819;0
213;603;RS;Masculino;31;8;0;2;1;1;16991502;0
214;620;RS;Feminino;41;9;0;2;0;0;8885247;0
215;676;RS;;34;1;6309501;1;1;1;4064581;0
216;572;PR;Masculino;26;4;11828701;2;0;0;604273;0
217;668;PR;Masculino;47;7;10685421;1;0;1;15795902;1
218;695;RS;Masculino;46;7;4951255;1;1;0;13300734;0
219;730;SC;Feminino;33;9;0;2;0;0;17657662;0
220;807;RS;Masculino;43;1;10579932;2;1;0;3488804;1
221;592;RS;Masculino;54;8;0;1;1;1;2873771;1
222;726;RS;Feminino;31;9;11472205;2;1;1;9817857;0
223;514;SC;Masculino;30;7;0;1;0;1;12501024;0
224;567;RS;Masculino;42;2;0;2;1;1;16798461;0
225;850;RS;Masculino;33;10;0;1;1;0;486172;1
226;671;PR;Masculino;45;6;9956422;1;1;1;10887245;1
227;670;RS;Masculino;37;4;17055791;2;1;0;19825288;0
228;694;RS;Feminino;30;9;0;2;1;1;2696031;0
229;547;PR;Feminino;39;6;7459615;3;1;1;8574652;1
230;751;PR;Masculino;50;2;9688839;1;1;0;7720625;1
231;594;PR;Feminino;29;3;13083022;1;1;0;6104853;0
232;673;RS;Masculino;72;1;0;2;0;1;1119811900;0
233;610;RS;Masculino;40;0;0;2;1;0;622326;0
234;512;RS;Feminino;37;1;0;2;0;1;15610503;0
235;767;PR;Masculino;20;3;11971425;2;0;1;15013538;0
236;585;RS;Feminino;67;5;11397897;2;0;1;9314611;0
237;763;PR;Masculino;42;6;10016075;1;1;0;3346294;1
238;712;RS;Feminino;29;2;0;1;1;1;144375;0
239;539;PR;Feminino;43;3;1162205;3;1;0;5580396;1
240;668;RS;Feminino;46;2;0;3;1;0;8904846;1
241;703;RS;Masculino;28;2;8117383;2;0;1;16281216;0
242;662;SC;Masculino;38;4;0;2;1;0;13625965;0
243;725;PR;Feminino;39;5;1168038;1;1;0;12405297;0
244;703;RS;Masculino;37;8;10596168;2;0;1;10000;0
245;659;PR;Masculino;67;6;1174116;1;1;1;4507109;1
246;523;SC;Masculino;34;7;0;2;1;0;6203006;0
247;635;RS;Feminino;40;10;12349758;1;1;0;13195323;1
248;772;PR;Masculino;26;7;15240051;2;1;0;79414;0
249;545;RS;Feminino;26;1;0;2;1;1;19963856;0
250;634;PR;Masculino;24;8;10309785;1;1;1;15757729;0
251;739;PR;Masculino;54;8;12641814;1;1;0;13442075;1
252;771;PR;Feminino;36;5;778469;1;0;0;9980599;0
253;587;SC;Feminino;34;1;0;2;1;1;9793268;0
254;681;RS;Feminino;79;0;0;2;0;1;17096899;0
255;544;PR;Masculino;37;2;7973191;1;1;1;5755895;0
256;696;SC;Masculino;28;8;0;1;0;0;17671347;0
257;766;SC;Masculino;41;0;0;2;0;1;3428323;0
258;727;RS;Masculino;34;10;0;2;1;1;19863734;0
259;671;PR;Feminino;34;6;3726667;2;0;0;15691712;0
260;693;RS;Feminino;30;6;12799225;1;1;1;504572;0
261;850;PR;Masculino;38;3;5490101;1;1;1;14007555;0
262;732;PR;Masculino;42;9;10874808;2;1;1;6532311;0
263;726;SC;Feminino;48;6;9990619;1;1;0;6432324;0
264;557;RS;Feminino;32;6;18468641;2;1;0;1495644;0
265;682;RS;Feminino;26;0;11065402;1;0;1;11187921;0
266;738;SC;Masculino;31;9;790198;1;1;1;1860623;0
267;531;SC;Feminino;36;9;9924051;1;1;0;12313701;0
268;498;RS;Masculino;34;2;0;2;1;1;14852824;0
269;651;RS;Masculino;36;7;0;2;1;0;1389831;0
270;549;SC;Feminino;39;7;0;1;0;0;8125925;1
271;791;PR;Feminino;35;7;524362;1;1;0;16105175;0
272;650;SC;Masculino;41;9;0;2;0;1;19159967;0
273;733;PR;Masculino;34;3;10033796;3;1;0;4855919;1
274;811;PR;Feminino;34;1;14929719;2;1;1;18633974;0
275;707;RS;Masculino;30;8;0;2;1;0;3315937;0
276;712;PR;Masculino;28;4;14560544;1;0;1;9388353;0
277;706;SC;Feminino;37;7;0;2;1;1;1108993;0
278;756;RS;Masculino;62;3;0;1;1;1;1119904;1
279;777;RS;Feminino;53;10;0;2;1;0;10000;0
280;646;RS;Masculino;35;6;8402686;1;0;1;16425569;0
281;714;RS;Masculino;46;1;0;1;1;0;15216779;1
282;782;RS;Masculino;39;8;0;2;1;1;3394967;0
283;775;SC;Masculino;29;10;0;2;1;1;6814393;0
284;479;PR;Masculino;35;4;13871892;1;1;1;4725179;1
285;807;RS;Masculino;42;7;11827471;1;1;1;2588572;0
286;799;RS;Feminino;22;8;17418598;2;0;1;19263385;0
287;675;RS;Masculino;40;7;11320886;2;1;0;3457736;0
288;602;SC;Masculino;29;5;10390728;1;1;0;16122984;0
289;475;RS;Feminino;32;8;11902328;1;1;0;10081629;0
290;744;SC;Feminino;26;5;16629789;1;1;1;18169444;0
291;588;SC;Masculino;34;10;0;2;1;0;7907891;0
292;703;PR;Masculino;42;9;63227;1;0;1;13731632;0
293;747;SC;Feminino;41;5;9452117;2;1;0;19492686;0
294;583;RS;Masculino;27;7;0;2;1;0;5128549;0
295;750;SC;Feminino;34;9;11282226;1;0;0;15040153;1
296;681;RS;Masculino;38;3;0;2;1;1;11249196;0
297;773;RS;Masculino;25;2;13590333;1;1;0;7365638;0
298;714;RS;;31;4;12516926;1;1;1;10663689;0
299;687;SC;Feminino;44;7;0;3;1;0;15585352;1
300;511;RS;Masculino;58;0;14911731;1;1;1;16259951;0
301;627;RS;Masculino;33;5;0;2;1;1;10373782;0
302;694;RS;Feminino;31;10;0;2;1;0;16099027;0
303;616;SC;Feminino;36;6;13231171;1;0;0;1546284;0
304;687;RS;Masculino;35;8;0;2;1;0;1033405;0
305;712;RS;Feminino;33;6;0;2;1;1;19068616;0
306;553;RS;Masculino;33;4;11808289;1;0;0;9444045;0
307;667;RS;Masculino;31;1;11926669;1;1;1;2825763;0
308;731;RS;Masculino;43;2;0;1;1;1;17003495;1
309;629;PR;Masculino;35;7;15684729;2;1;0;3182429;0
310;614;RS;Masculino;50;4;13710447;1;1;0;12716649;1
311;438;PR;Masculino;31;8;7839869;1;1;0;4493701;0
312;652;RS;Feminino;80;4;0;2;1;1;18860307;0
313;729;PR;Masculino;30;6;6366942;1;1;0;14511137;0
314;642;RS;Masculino;38;3;0;2;0;0;17146383;0
315;806;PR;Feminino;59;0;13529633;1;1;0;1828225;0
316;744;SC;Masculino;36;2;15380444;1;1;1;10000;0
317;474;SC;Masculino;37;3;0;2;0;0;5717532;0
318;559;RS;Masculino;49;2;14706978;1;1;0;12054083;1
319;706;SC;Masculino;42;9;0;2;1;1;2871434;0
320;628;SC;Feminino;22;3;0;1;1;0;8542628;0
321;429;RS;Masculino;24;4;9574175;1;1;0;4617075;0
322;525;SC;Feminino;57;2;14596533;1;1;1;6444836;0
323;680;RS;Feminino;30;8;14144175;1;1;1;1627897;0
324;749;RS;Masculino;40;1;13929041;1;1;0;18285542;1
325;763;RS;Feminino;31;4;0;2;0;0;5040472;0
326;734;RS;Masculino;30;3;0;2;1;0;10764025;0
327;716;RS;Masculino;35;4;14442887;1;1;0;13413265;0
328;594;RS;Masculino;35;2;0;2;1;0;10348069;0
329;644;RS;Feminino;46;9;9544127;1;1;0;10876105;1
330;671;PR;Masculino;35;1;14484874;1;1;1;1790123;0
331;664;PR;Masculino;26;7;11624414;2;1;1;9514514;0
332;656;RS;Masculino;50;7;0;2;0;1;;0
333;667;SC;Feminino;40;1;14650207;1;1;0;1916289;0
334;663;PR;Masculino;44;2;1170286;2;0;1;14468018;0
335;584;PR;Feminino;30;8;11201381;1;1;0;17777203;1
336;626;SC;Feminino;37;6;10826937;1;1;0;559794;0
337;485;RS;Masculino;29;7;18212379;1;1;0;11682851;1
338;659;PR;Feminino;32;3;15092374;2;0;1;17465251;0
339;649;RS;Masculino;33;2;0;2;1;0;201098;0
340;805;SC;Feminino;39;5;16527213;1;1;0;1410985;1
341;716;PR;Feminino;39;10;11530131;1;1;0;435274;1
342;642;PR;Feminino;40;6;12950249;2;0;1;8609923;1
343;659;RS;Masculino;31;4;11834226;1;0;0;16157419;0
344;545;SC;Feminino;47;5;0;2;1;1;3897014;0
345;543;RS;Masculino;22;8;0;2;0;0;12758722;0
346;718;RS;Feminino;25;7;0;2;1;0;3038012;0
347;840;RS;Feminino;43;7;0;2;1;0;9090895;0
348;630;PR;Feminino;34;9;10693705;2;1;0;13827501;0
349;643;PR;Masculino;59;3;17033137;1;1;1;3217179;0
350;654;PR;Feminino;32;1;11451085;1;1;1;12614323;0
351;582;RS;Masculino;39;5;0;2;1;1;12989293;0
352;659;SC;Masculino;32;3;10759411;2;1;1;10241684;0
353;762;SC;Masculino;39;2;8127313;1;1;1;1871967;0
354;568;SC;Feminino;32;7;1693996;1;1;0;6193622;0
355;670;SC;Masculino;25;6;0;2;1;1;7835894;0
356;613;RS;Feminino;45;1;18784199;2;1;1;14722427;0
357;539;RS;Masculino;30;0;0;2;1;0;16097966;0
358;850;SC;Feminino;57;8;1267763;2;1;1;13229849;0
359;522;SC;Masculino;34;9;12643629;1;1;0;17424852;1
360;737;RS;Masculino;41;1;10196074;1;1;1;12354728;0
361;520;RS;Masculino;58;3;0;2;0;1;3279002;0
362;706;SC;Masculino;28;3;0;2;0;1;18154367;0
363;643;PR;Feminino;45;2;15084293;1;0;1;231996;1
364;648;RS;Feminino;50;9;10253557;1;1;1;18954319;0
365;443;PR;Feminino;29;9;9902761;2;1;0;109404;0
366;640;RS;Masculino;68;9;0;2;1;1;19949338;0
367;628;SC;Feminino;33;3;0;1;1;1;18819325;0
368;540;PR;Feminino;42;9;8727141;2;1;0;17257264;0
369;460;PR;Feminino;35;8;10274291;2;1;1;1893396;0
370;636;PR;Masculino;34;2;4010551;2;0;1;5351216;0
371;593;RS;Feminino;29;2;15226543;1;1;0;3400444;0
372;801;SC;;42;4;14194767;1;1;1;1059829;0
373;640;PR;Feminino;75;1;10630791;2;0;1;11342877;0
374;611;PR;Masculino;31;0;10788481;2;1;1;18348798;0
375;802;PR;Masculino;31;1;12501372;1;1;1;18765809;0
376;717;PR;Masculino;35;7;5846937;2;1;1;17245939;0
377;769;RS;Feminino;39;8;0;1;0;1;21016;0
378;745;PR;Masculino;45;10;11723163;3;1;1;12238102;1
379;572;SC;Masculino;35;4;15239026;1;1;0;12812366;0
380;629;SC;Feminino;30;2;3401363;1;1;0;1957063;0
381;687;SC;Feminino;39;2;0;3;0;0;1881506;1
382;483;RS;Feminino;50;9;0;2;1;1;11102024;0
383;690;RS;Masculino;36;7;10158311;2;1;0;12377515;0
384;492;PR;Feminino;30;10;7716887;2;0;1;14670022;0
385;709;PR;Masculino;28;8;12469572;2;1;0;14525135;0
386;705;PR;Masculino;44;3;10593496;1;1;0;8246369;0
387;560;RS;Feminino;66;9;0;1;1;1;1592849;0
388;611;SC;Masculino;46;6;0;2;1;0;4588633;0
389;730;SC;Masculino;62;2;0;2;1;1;18648995;0
390;709;SC;Feminino;45;2;0;2;0;1;16292265;0
391;544;RS;Feminino;21;10;16152596;2;1;0;926277;0
392;712;PR;Feminino;29;7;14719907;1;1;1;849324;0
393;752;PR;Masculino;38;3;18310229;1;1;1;7155712;0
394;648;SC;Masculino;46;9;127209;2;1;0;7740595;1
395;556;SC;Masculino;38;8;0;2;0;0;41741;1
396;594;SC;Feminino;24;0;9737854;1;1;1;7140517;0
397;645;PR;Feminino;37;2;13692509;2;0;1;15340024;0
398;557;RS;Masculino;33;3;5450355;1;1;1;37105;0
399;547;PR;Masculino;32;8;15572685;1;1;0;6778999;0
400;701;RS;Feminino;39;9;0;2;0;1;1458949;0
401;616;RS;Feminino;66;1;13584241;1;1;0;18384051;1
402;605;RS;Masculino;52;1;6334975;1;1;0;10888744;0
403;593;PR;Feminino;38;4;12949942;1;1;1;15407127;0
404;751;SC;Masculino;52;8;0;2;0;1;17929185;0
405;443;SC;Masculino;36;6;7043801;2;0;1;5693743;0
406;685;RS;Masculino;23;8;0;2;1;1;11223903;0
407;718;RS;Masculino;36;9;0;1;1;0;4590987;0
408;538;SC;Feminino;49;9;14143404;1;0;0;17377925;1
409;611;SC;Feminino;37;4;0;2;1;0;12569626;0
410;668;PR;Masculino;37;10;15295829;2;1;1;15958561;0
411;537;PR;Feminino;41;3;13830634;1;1;0;10676147;0
412;709;SC;Masculino;23;10;0;2;0;0;12959018;0
413;850;RS;Masculino;38;1;0;2;1;1;8000665;0
414;745;SC;Feminino;31;3;12432884;1;1;1;14045152;0
415;693;PR;Feminino;41;9;18146148;3;1;1;18792943;1
416;795;SC;Masculino;35;8;0;2;1;0;16715536;0
417;626;SC;Masculino;26;8;0;2;0;0;19142071;0
418;487;PR;Feminino;61;5;11036803;1;0;0;1138445;1
419;556;RS;Feminino;39;9;8958835;1;1;1;948981;0
420;643;RS;Feminino;46;6;0;2;0;0;10678159;0
421;605;RS;Feminino;28;6;0;2;0;0;15950852;0
422;756;PR;Feminino;60;3;11592489;1;1;0;9352419;1
423;586;RS;Feminino;38;2;0;2;1;0;8716846;0
424;535;PR;Masculino;40;7;1117565;1;1;0;812832;1
425;678;RS;Feminino;35;4;0;1;1;0;12551832;0
426;596;RS;Masculino;39;9;0;1;1;0;4896359;0
427;648;RS;Masculino;26;9;16292385;1;1;0;9836824;0
428;492;PR;Masculino;39;10;12457665;2;1;0;;0
429;702;RS;Masculino;45;0;8079358;1;1;1;2747481;0
430;486;PR;Feminino;40;9;7134009;1;1;0;7619221;0
431;568;PR;Masculino;40;1;9928263;1;0;0;13460094;1
432;619;PR;Masculino;57;3;13794639;1;1;1;7246799;1
433;724;PR;Masculino;41;2;12789257;2;0;1;19964545;0
434;548;PR;Feminino;33;0;10108436;1;1;0;4274985;0
435;545;PR;Feminino;37;8;11475408;1;1;0;13605044;1
436;683;RS;Masculino;33;8;0;1;0;0;7356444;0
437;762;RS;Feminino;51;3;9928698;1;0;1;8557863;0
438;627;PR;Feminino;30;4;7987102;2;1;0;12982689;0
439;516;RS;Masculino;35;10;10408859;2;0;0;119666;0
440;800;RS;Feminino;38;2;16819033;2;1;0;6805208;0
441;464;PR;Feminino;42;3;8567925;1;1;1;16410474;0
442;626;RS;Feminino;35;3;0;1;0;0;8019036;0
443;790;RS;Feminino;31;9;0;2;1;0;8412675;0
444;534;RS;Feminino;34;7;12155158;2;1;1;70179;0
445;745;RS;Masculino;46;2;12222019;1;1;1;1180241;0
446;553;SC;Masculino;47;3;11652815;1;0;0;14570419;1
447;748;RS;Feminino;26;1;7778029;1;0;1;18304941;0
448;722;RS;Masculino;37;2;0;1;0;0;12090683;0
449;501;RS;Masculino;40;4;1258322;1;1;1;10043383;0
450;675;RS;Feminino;38;6;680658;1;0;0;138777;1
451;778;SC;Feminino;47;6;12729934;2;1;0;12469499;0
452;494;PR;Feminino;38;7;17493764;1;1;0;4008432;0
453;850;RS;Masculino;40;9;0;2;0;1;11923233;0
454;592;SC;Masculino;31;7;1100711;1;0;0;4392136;0
455;590;SC;Feminino;44;3;13943237;1;1;0;6222281;0
456;758;RS;Feminino;39;6;12735776;1;0;1;56577;0
457;506;RS;Masculino;36;5;0;2;1;0;16425335;0
458;733;RS;Masculino;33;3;0;1;1;1;766673;0
459;711;RS;Masculino;38;3;0;2;1;0;6848751;0
460;514;PR;Masculino;43;1;9555631;1;0;1;19927398;1
461;637;SC;Masculino;37;8;0;1;1;1;18606236;0
462;468;PR;Masculino;29;1;11168198;2;1;1;19571116;0
463;539;RS;Masculino;39;3;0;2;1;0;3669217;0
464;509;SC;Feminino;25;3;10873871;2;1;0;10692057;0
465;662;RS;Feminino;32;4;13395037;1;1;1;4872568;1
466;818;SC;Masculino;26;4;0;2;1;1;16703694;0
467;608;RS;Masculino;33;9;8996869;1;1;0;6877726;0
468;850;SC;Feminino;32;9;0;2;1;1;1892492;0
469;816;PR;Feminino;38;5;13087875;3;1;0;7190577;1
470;536;RS;Masculino;35;8;0;2;1;0;6483328;0
471;753;RS;Masculino;35;3;0;2;1;1;18484377;0
472;631;SC;Masculino;27;10;13416962;1;1;1;10000;0
473;703;RS;Masculino;37;1;14976208;1;1;0;206294;1
474;774;RS;Masculino;26;2;9384469;1;1;0;2841536;0
475;785;RS;Masculino;28;8;0;2;1;0;7723127;0
476;571;RS;Feminino;33;1;0;2;1;0;1027507;0
477;621;PR;Masculino;46;6;14107837;1;0;0;345808;1
478;605;PR;Feminino;31;1;11799259;1;1;1;18359877;0
479;611;RS;Feminino;40;8;10081233;2;1;0;14735827;0
480;569;RS;Masculino;38;7;0;1;1;1;1084692;0
481;658;RS;Masculino;29;4;802626;1;1;1;2061282;0
482;788;SC;Masculino;34;6;15647862;1;0;1;18119676;0
483;525;RS;Feminino;23;5;0;2;1;0;1602491;0
484;798;RS;Masculino;37;8;0;3;0;0;11078328;0
485;486;PR;Masculino;37;9;11521799;2;1;0;14499533;0
486;615;SC;Masculino;61;9;0;2;1;0;15022785;1
487;730;RS;Feminino;35;0;15547055;1;1;1;5371828;0
488;641;RS;Masculino;37;7;0;2;1;0;752483;0
489;542;RS;Masculino;39;3;13509677;1;1;1;1435343;1
490;692;RS;Masculino;30;2;0;2;0;1;13048657;0
491;714;PR;Feminino;55;9;18007522;1;1;1;10012771;0
492;591;SC;Masculino;29;1;9754124;1;1;1;19635617;0
493;710;RS;Feminino;41;2;15606705;1;1;1;998388;0
494;639;RS;Feminino;38;4;8155094;2;0;1;11897477;0
495;531;RS;Feminino;47;6;0;1;0;0;19499834;1
496;673;RS;Feminino;38;2;17006192;2;0;0;13490134;1
497;765;PR;Masculino;36;8;9231054;2;1;1;7292456;0
498;622;RS;Feminino;32;6;16908938;2;1;0;10105795;0
499;806;RS;Masculino;40;5;8061393;1;1;1;14283864;0
500;757;PR;Masculino;26;8;12158156;2;1;1;12705904;0
501;570;RS;Feminino;58;8;0;1;0;1;11650392;1
502;555;SC;Masculino;32;4;0;2;1;1;5440579;0
503;692;RS;;54;5;0;2;1;1;8872184;0
504;774;RS;Masculino;60;5;8589155;1;1;0;7413548;1
505;638;SC;Masculino;44;9;7763735;2;1;1;11134622;0
506;543;SC;Feminino;41;4;0;1;0;0;19490216;0
507;584;RS;Masculino;31;5;0;2;1;0;3147427;0
508;691;PR;Masculino;30;7;11692789;1;1;0;2119839;0
509;684;PR;Feminino;40;6;13732665;1;1;0;1869766;0
510;733;RS;Masculino;22;5;0;2;1;1;11720219;0
511;599;SC;Feminino;37;2;0;2;1;1;14373929;0
512;524;PR;Feminino;31;10;6723898;2;1;1;16181123;0
513;632;PR;Feminino;38;6;8656976;2;1;0;9809091;0
514;735;SC;Masculino;34;5;0;2;0;0;7109541;0
515;734;RS;Masculino;34;6;1335984;1;1;1;1310724;0
516;605;RS;Feminino;51;3;13618878;1;1;1;6711059;1
517;793;SC;Masculino;38;9;0;2;1;0;8822502;0
518;468;RS;Feminino;56;10;0;3;0;1;6225687;1
519;779;PR;Masculino;37;7;12009252;2;1;0;13592572;0
520;698;RS;Masculino;48;4;10123824;2;0;1;17781587;1
521;707;RS;Masculino;58;6;8968592;1;0;1;12647113;0
522;850;RS;Feminino;35;1;21177431;1;1;0;18857412;1
523;850;RS;Masculino;56;7;13131748;1;1;1;11917545;0
524;527;SC;Masculino;37;5;9372273;2;1;1;13909373;0
525;696;PR;Masculino;32;8;10116099;1;1;1;11591655;0
526;661;RS;Masculino;48;3;12032054;1;0;0;9646325;0
527;776;RS;Feminino;31;2;0;2;1;1;11234951;0
528;701;RS;Masculino;43;2;0;2;1;1;16530379;0
529;610;RS;Masculino;26;8;0;2;1;0;16603108;0
530;572;PR;Feminino;48;3;15282799;1;1;0;3841179;1
531;673;RS;Masculino;30;1;6409775;1;1;1;7778335;0
532;519;SC;Feminino;57;2;11903535;2;1;1;2987179;0
533;702;SC;Feminino;26;4;13521957;1;0;1;5974763;0
534;729;RS;Masculino;32;6;9369442;1;1;1;7991913;0
535;543;SC;Masculino;35;10;5940863;1;1;0;7677353;0
536;550;RS;Feminino;40;7;11435495;1;1;0;5401893;0
537;608;RS;Masculino;59;1;0;1;1;0;7064964;1
538;639;PR;Masculino;35;10;1281739;2;1;0;5909339;0
539;686;SC;Masculino;34;9;0;2;1;0;1275698;0
540;564;PR;Feminino;62;5;11493135;3;0;1;1826098;1
541;745;PR;Feminino;28;1;11107136;1;1;0;7327596;1
542;833;RS;Masculino;37;8;15122618;2;1;1;13612949;0
543;622;RS;Masculino;26;9;0;2;1;1;15323759;0
544;597;RS;Feminino;42;4;6474012;1;1;1;10684112;0
545;721;SC;Masculino;51;0;16931213;1;1;0;10907835;1
546;504;RS;Feminino;49;7;0;3;0;1;8782214;1
547;842;SC;Feminino;44;2;11265208;2;1;0;12664498;0
548;587;RS;Masculino;38;0;0;2;1;0;4741415;0
549;479;PR;Feminino;30;7;14396436;2;1;0;4187999;0
550;508;RS;Masculino;49;7;12245146;2;1;1;758081;0
551;749;RS;Masculino;24;1;0;3;1;1;4791103;0
552;721;PR;Feminino;36;3;6525307;2;1;0;;0
553;674;PR;Masculino;47;6;10690194;1;1;1;20792;1
554;685;SC;Feminino;25;10;12850963;1;1;0;12156233;0
555;417;RS;Masculino;34;7;0;2;1;0;5500379;0
556;574;PR;Masculino;33;3;12983467;1;1;0;19313142;0
557;590;SC;Feminino;51;3;15496299;3;0;1;19193227;1
558;587;PR;Masculino;40;5;1382419;2;1;0;1594181;0
559;598;PR;Masculino;41;3;9153693;1;1;0;19146878;1
560;741;SC;Masculino;53;3;0;2;1;1;3891368;0
561;850;SC;Feminino;70;5;0;1;1;1;70518;0
562;584;PR;Feminino;29;7;10520401;1;0;1;13849003;0
563;650;SC;Masculino;61;1;15296873;1;0;1;8297069;0
564;607;SC;Masculino;36;8;15826168;1;1;1;7674472;0
565;509;RS;Feminino;46;1;0;1;1;0;7124459;1
566;689;SC;Feminino;38;6;12102105;1;1;1;1218215;0
567;543;RS;Masculino;36;4;0;2;1;1;1412105;0
568;438;SC;Feminino;54;2;0;1;0;0;19176307;1
569;687;SC;Feminino;63;1;13771566;1;1;1;3793874;0
570;737;PR;Masculino;31;5;12119222;2;1;1;7489058;0
571;761;RS;Masculino;31;7;0;3;1;1;16669818;0
572;601;RS;Masculino;44;1;10048618;2;1;1;6267853;0
573;651;RS;Masculino;45;1;0;1;1;0;6774008;1
574;745;RS;Masculino;35;9;9256653;2;1;0;16151977;0
575;648;SC;Feminino;49;10;0;2;1;1;15983578;1
576;848;SC;Masculino;40;3;11092996;1;1;1;3087684;0
577;546;RS;Feminino;27;8;0;2;1;1;148581;0
578;439;SC;Feminino;32;3;13890161;1;1;0;7568597;0
579;755;RS;Masculino;30;4;12321766;2;0;1;1441831;0
580;593;RS;Feminino;41;6;0;1;1;0;6517066;0
581;701;RS;Masculino;39;2;0;2;1;1;8252692;0
582;701;SC;Masculino;36;8;0;2;1;0;16916146;0
583;607;SC;Feminino;33;2;10843187;2;0;1;10929139;1
584;586;SC;Feminino;57;3;0;2;0;1;605781;0
585;547;PR;Feminino;30;9;7239241;1;1;0;7707714;0
586;647;PR;Feminino;51;1;11974177;2;0;0;5495451;1
587;760;RS;Feminino;51;2;10094671;1;0;0;1796148;1
588;621;SC;Masculino;53;9;17049184;1;1;0;3558807;1
589;725;RS;Masculino;44;5;0;1;1;1;11735614;0
590;526;RS;Masculino;36;1;0;1;1;0;16069672;0
591;519;SC;Feminino;47;6;15729602;2;0;0;14727843;1
592;713;PR;Feminino;38;7;14460622;1;1;1;5659436;1
593;700;RS;Masculino;38;8;1348113;1;1;0;129975;0
594;666;RS;Feminino;34;9;11589712;1;1;1;2509503;0
595;630;SC;Masculino;32;4;82034;1;0;0;14632645;0
596;779;SC;Feminino;26;4;17431813;2;0;1;3829621;0
597;611;PR;Feminino;41;2;11420684;1;1;0;1640616;0
598;685;SC;Masculino;43;9;0;2;1;0;10781128;0
599;646;PR;Masculino;39;9;11157441;1;1;1;3083851;0
600;683;PR;Feminino;57;5;16244869;1;0;0;922178;1
601;484;PR;Feminino;34;4;14824954;1;0;1;3373827;0
602;601;RS;Feminino;43;8;0;3;0;1;11091615;1
603;762;SC;Feminino;26;7;12370946;2;1;1;16965457;0
604;687;RS;Feminino;72;9;0;1;0;1;698294;0
605;566;RS;Masculino;30;5;0;1;1;0;5492651;1
606;702;RS;Masculino;37;10;1505258;1;1;1;9472849;0
607;601;RS;Masculino;29;9;0;1;1;1;8039327;0
608;699;RS;Masculino;53;4;0;2;0;1;11130798;0
609;584;RS;Masculino;28;10;0;2;1;0;1983432;0
610;699;RS;Masculino;35;5;0;2;1;1;7839724;0
611;698;PR;Feminino;51;2;11101898;1;1;0;8641028;0
612;495;RS;Masculino;30;10;12975599;1;0;0;17274965;0
613;650;RS;Feminino;27;6;0;2;1;0;100239;0
614;605;RS;Feminino;64;2;1295557;1;1;1;1360179;0
615;667;SC;Masculino;38;1;8720238;1;1;1;7786691;0
616;688;PR;Masculino;26;8;14613339;1;1;1;17529676;0
617;727;SC;Feminino;31;0;0;1;1;0;12175104;1
618;754;SC;Masculino;39;6;17018499;2;1;0;8959326;0
619;612;PR;Feminino;62;8;14074533;1;1;0;19343789;1
620;546;SC;Masculino;42;7;13907051;1;1;1;86945;0
621;673;SC;Feminino;37;8;0;2;1;1;18331879;0
622;593;RS;Masculino;35;9;11419324;1;1;0;711541;0
623;656;SC;Feminino;40;10;1678785;1;0;1;15188716;0
624;535;PR;Feminino;53;5;14161655;2;1;1;7588865;0
625;678;PR;Masculino;36;3;14574767;2;0;1;8956674;0
626;477;SC;Feminino;48;2;12912064;1;0;1;2647579;0
627;850;SC;Masculino;35;7;11034982;1;0;0;1263558;0
628;427;RS;Masculino;29;1;14132556;1;1;1;938393;0
629;752;RS;Masculino;49;2;7865384;1;1;0;76986;0
630;649;RS;Masculino;47;1;0;2;1;1;14559385;0
631;799;SC;Feminino;28;3;14225365;1;1;0;4504256;0
632;589;RS;Feminino;61;1;0;1;1;0;6110856;1
633;583;PR;Feminino;54;6;11598886;1;1;0;5755398;1
634;839;SC;Feminino;33;10;7559243;1;1;0;6267442;0
635;540;PR;Masculino;44;3;16411304;2;1;1;1212079;0
636;850;RS;Masculino;31;6;6799623;2;0;0;5012987;1
637;696;SC;Feminino;51;5;0;2;1;0;5502243;0
638;660;SC;Feminino;33;1;0;2;0;0;11783491;0
639;682;RS;Masculino;48;1;13877815;1;0;1;16884023;0
640;744;RS;Feminino;43;10;14783215;1;0;1;2423411;0
641;785;RS;Feminino;36;4;1354384;1;0;0;19062701;0
642;752;SC;Masculino;48;5;11606008;1;1;0;15661838;1
643;706;RS;Feminino;29;5;11256462;1;1;0;4233438;0
644;583;RS;Feminino;27;1;12540658;1;1;1;11078442;0
645;660;PR;Feminino;39;5;13513499;1;1;0;173683;1
646;819;RS;Feminino;39;9;13310292;1;1;0;2704646;1
647;673;RS;Feminino;34;8;4215708;1;1;0;2059859;1
648;752;RS;Feminino;30;3;0;2;1;1;10499128;0
649;578;RS;Masculino;38;7;8225929;1;1;0;899697;0
650;438;RS;Feminino;36;4;0;2;1;0;644205;0
651;652;RS;Masculino;38;6;0;2;1;1;14570022;0
652;629;RS;Feminino;49;4;0;2;1;1;19633548;0
653;720;RS;Masculino;52;7;0;1;1;1;1478112;0
654;668;RS;Masculino;42;3;15046107;1;1;0;10813923;0
655;459;PR;Masculino;48;4;13399452;1;1;1;1928706;1
656;729;SC;Masculino;31;8;16487081;2;1;1;956739;0
657;498;PR;Masculino;25;8;12170273;1;1;1;13221049;0
658;549;SC;Masculino;25;6;1938582;1;0;1;2160011;0
659;601;PR;Feminino;54;1;13103997;2;1;1;1996615;0
660;544;RS;Masculino;64;9;11382945;1;1;1;12434149;0
661;751;RS;Feminino;30;6;0;2;1;0;157661;0
662;632;PR;Feminino;41;3;8187738;1;1;1;3364221;0
663;694;SC;Masculino;57;8;11632607;1;1;1;11770465;0
664;678;RS;Masculino;31;2;0;2;1;1;5880328;0
665;695;RS;Masculino;46;4;0;2;1;1;13753722;0
666;661;RS;Feminino;41;1;0;2;0;1;13130068;0
667;661;RS;Masculino;33;9;0;2;1;1;8417481;0
668;559;RS;Feminino;31;3;12707073;1;0;1;16094178;0
669;503;RS;Masculino;29;3;0;2;1;1;14395499;0
670;695;SC;Masculino;46;3;12254964;1;1;1;5629785;0
671;640;RS;Feminino;42;5;17609913;1;1;1;840473;0
672;624;PR;Feminino;48;3;12238838;2;0;0;3002009;0
673;667;RS;Masculino;42;9;0;2;0;1;5813742;0
674;642;RS;Masculino;26;0;0;1;0;0;4747268;0
675;640;SC;Feminino;32;6;11887935;2;1;1;1913171;0
676;529;SC;Masculino;35;5;0;2;1;1;1872885;0
677;563;RS;Feminino;39;5;0;2;1;1;1760381;0
678;593;SC;Feminino;38;4;8873644;2;1;0;6702003;0
679;739;PR;Masculino;45;7;10270362;1;0;1;14780294;1
680;788;SC;Feminino;70;1;0;2;1;1;4161062;0
681;684;SC;Feminino;38;3;0;2;1;0;4425565;0
682;482;RS;Masculino;55;5;9731825;1;0;1;7841614;0
683;591;SC;Masculino;58;5;12846869;1;0;1;13725455;0
684;651;PR;Feminino;41;4;13343259;1;0;1;15130348;0
685;749;PR;Feminino;40;8;14178257;2;0;0;8633363;0
686;583;RS;Masculino;24;9;13512528;1;0;0;898019;0
687;661;SC;Masculino;42;2;17882091;1;0;0;2935857;1
688;715;RS;Feminino;31;2;11221214;2;1;1;18160072;0
689;769;PR;Feminino;45;5;12667481;1;1;0;12411871;1
690;625;RS;Feminino;51;7;13629497;1;1;0;3886746;1
691;641;RS;Feminino;36;5;6639264;1;1;0;3110667;0
692;716;PR;Masculino;27;1;12255234;2;1;0;6761136;0
693;767;RS;Masculino;43;1;7640885;2;1;0;7783763;0
694;745;PR;Masculino;36;8;14507124;1;0;0;607846;0
695;589;RS;Masculino;34;6;0;2;1;1;17789692;0
696;796;RS;Feminino;45;2;10973022;1;1;1;12388273;0
697;664;RS;Masculino;57;6;0;2;1;1;1530408;0
698;445;SC;Masculino;62;1;6411938;1;1;1;7656964;1
699;543;PR;Feminino;57;1;10613833;2;1;1;12065732;1
700;746;SC;Masculino;36;2;0;2;1;1;1643656;0
701;742;PR;Masculino;33;0;18165651;1;1;1;10766791;0
702;750;RS;Feminino;32;5;0;2;1;0;9561147;0
703;669;RS;Masculino;30;7;9512886;1;0;0;1979926;0
704;594;SC;Feminino;49;2;12661594;2;0;1;12321474;0
705;574;SC;Masculino;36;1;0;2;0;1;7170912;0
706;659;PR;Masculino;36;2;7619048;2;1;1;14906614;0
707;750;PR;Masculino;40;5;16828681;3;1;0;2045199;1
708;626;PR;Masculino;35;4;8810981;1;1;1;328255;0
709;620;RS;Masculino;42;4;0;2;1;0;623231;0
710;580;RS;Feminino;35;8;0;2;0;1;1035703;0
711;686;RS;Feminino;34;3;12397151;2;1;0;14779463;0
712;540;RS;Masculino;48;0;14811648;1;0;0;11697348;0
713;634;PR;Masculino;35;6;11626901;1;1;0;12996494;0
714;632;SC;Masculino;38;1;12059921;1;1;0;9281686;0
715;501;RS;Feminino;41;3;1442605;1;1;0;17211467;0
716;650;SC;Feminino;25;3;866055;3;1;0;1664931;1
717;786;RS;Masculino;34;9;0;2;1;0;14451719;0
718;554;PR;Feminino;37;4;5862997;1;0;0;1820386;0
719;701;SC;Feminino;42;5;0;2;0;0;2421056;0
720;474;RS;Masculino;45;10;0;2;0;0;1721759;0
721;621;RS;Feminino;43;5;0;1;1;1;4757845;0
722;672;SC;Feminino;56;2;20976731;2;1;1;15069442;1
723;459;SC;Feminino;42;6;12963425;2;1;1;17768302;1
724;669;RS;Masculino;23;1;0;2;0;0;6608883;0
725;776;RS;Feminino;38;2;16982446;1;1;0;1692917;0
726;694;RS;Masculino;36;3;9753025;1;1;1;11714041;0
727;787;RS;Feminino;42;10;14598865;2;1;1;7951037;0
728;580;RS;Masculino;37;9;0;2;0;1;7710866;0
729;711;RS;Feminino;25;7;0;3;1;1;967928;0
730;673;RS;Feminino;40;5;13749428;1;1;0;8175392;0
731;499;RS;Feminino;57;1;0;1;0;0;13137238;1
732;591;RS;Masculino;24;6;147360;1;1;1;2531082;0
733;769;RS;Feminino;25;10;0;2;0;0;18792575;0
734;657;SC;Masculino;31;3;12516702;1;0;0;9882039;0
735;738;PR;Masculino;43;9;12115205;2;1;0;641667;1
736;545;PR;Feminino;60;7;12898107;1;0;1;17692421;1
737;497;RS;Masculino;47;6;0;1;1;1;9005508;0
738;816;SC;Masculino;67;6;15185898;1;1;1;7281431;0
739;525;RS;Masculino;36;2;1146284;1;0;1;16829006;0
740;725;RS;Masculino;46;6;0;2;1;0;16176738;0
741;692;RS;Feminino;28;8;9505902;2;1;0;4442018;0
742;618;RS;Feminino;24;7;12873639;1;0;1;3714761;0
743;546;RS;Masculino;24;8;15632538;1;1;1;12538102;0
744;635;RS;Masculino;29;7;10540597;1;1;1;14985389;0
745;611;RS;Feminino;49;2;8891537;3;0;0;16143502;1
746;650;RS;Masculino;60;8;0;2;1;1;10292576;0
747;606;RS;Masculino;40;5;0;2;1;1;7089927;0
748;844;RS;Masculino;18;2;16098003;1;0;0;14593628;0
749;450;SC;Feminino;46;5;17761971;1;1;0;5422706;0
750;727;SC;Masculino;38;2;6227699;1;1;1;5928079;0
751;460;PR;Masculino;46;4;12755997;2;1;1;1269525;0
752;649;RS;Masculino;41;0;0;2;0;1;13056702;0
753;758;PR;Feminino;47;9;9552316;1;1;0;7329448;0
754;490;RS;Feminino;35;7;10774903;1;1;1;393737;0
755;815;PR;Masculino;37;2;11077726;2;1;0;238359;0
756;838;SC;Feminino;39;5;16673392;2;1;0;1427944;0
757;803;RS;Masculino;31;9;15712086;2;1;0;14130053;0
758;664;PR;Feminino;36;2;12716078;2;1;0;7814075;0
759;736;SC;Feminino;28;2;0;2;1;1;1174311;0
760;633;RS;Feminino;37;9;15609197;1;1;0;7200861;0
761;664;RS;Masculino;58;5;9866818;1;1;1;6088758;0
762;600;RS;Feminino;43;5;13402206;1;1;0;19476483;0
763;693;RS;Feminino;35;5;12415109;1;1;0;8870514;1
764;663;PR;Feminino;36;6;772535;1;0;0;3581797;1
765;742;PR;Feminino;21;1;11429248;1;1;0;315204;0
766;710;PR;Masculino;43;2;14008032;3;1;1;15790819;1
767;710;SC;Feminino;27;2;13527796;1;1;0;14220015;0
768;700;RS;Feminino;82;2;0;2;0;1;18205536;0
769;720;PR;Masculino;60;9;11592062;2;0;0;15755208;1
770;684;SC;Masculino;41;2;11978272;2;0;0;12028467;0
771;531;RS;Feminino;63;1;11471571;1;0;1;2450695;1
772;742;PR;Feminino;36;2;12974854;2;0;0;4727161;1
773;717;RS;Masculino;31;4;12972257;1;0;0;411766;0
774;589;RS;Masculino;32;2;0;2;0;1;946864;0
775;767;RS;Masculino;36;3;1391802;1;0;0;12388019;0
776;636;PR;Masculino;49;6;11359974;2;1;0;15888709;1
777;648;RS;Masculino;33;7;134944;1;1;1;11703638;0
778;622;PR;Feminino;58;7;11692225;1;1;0;12041561;1
779;692;SC;Masculino;28;9;11894509;1;0;0;1606425;1
780;754;RS;Masculino;28;8;0;2;1;1;5261562;0
781;679;SC;Feminino;35;8;11918273;1;0;0;12121009;0
782;639;RS;Masculino;27;8;0;2;1;0;19224735;0
783;774;RS;Feminino;28;1;7126402;2;0;1;6875957;0
784;517;RS;Masculino;41;2;0;2;0;1;7593747;0
785;571;RS;Feminino;35;8;0;2;0;0;8456913;0
786;747;PR;Masculino;58;7;11631357;1;1;1;19069635;1
787;792;SC;Masculino;36;5;9214015;1;0;1;6746867;0
788;688;RS;Masculino;26;1;0;2;1;1;10443594;0
789;714;PR;Masculino;42;2;17764009;1;0;1;4716655;0
790;562;SC;Feminino;35;0;0;2;1;0;11989952;0
791;704;SC;Masculino;48;8;1679976;1;1;1;17349845;0
792;698;RS;Masculino;36;2;8227535;2;1;1;9324926;0
793;611;RS;Masculino;49;3;0;2;1;1;14291754;0
794;850;PR;Feminino;48;6;11196299;1;1;0;1117558;0
795;743;PR;Feminino;34;1;13173688;1;1;1;10854321;0
796;654;RS;Masculino;29;1;0;1;1;0;18034544;0
797;761;PR;Masculino;36;8;10823911;2;0;0;9944402;0
798;702;RS;Feminino;46;9;9844419;1;0;1;10956328;0
799;488;PR;Masculino;32;3;11454038;1;1;0;9256807;0
800;683;RS;Feminino;35;6;18753066;2;1;1;3797636;0
801;601;PR;Feminino;42;9;13363616;1;0;1;10331574;0
802;605;RS;Masculino;52;7;0;2;1;1;1739525;0
803;671;PR;Feminino;44;0;8474503;2;0;1;3467398;0
804;614;PR;Feminino;31;7;12059938;2;1;1;4616344;0
805;511;SC;Feminino;29;9;0;2;0;1;14067698;0
806;850;RS;Masculino;39;4;12777135;2;0;1;15173854;0
807;790;SC;Feminino;46;9;0;1;0;0;1467981;1
808;793;RS;Feminino;33;0;0;1;0;0;17554402;0
809;628;RS;Masculino;69;5;0;2;1;1;1819646;0
810;598;PR;Masculino;53;10;16777296;1;1;1;13688686;0
811;657;RS;Feminino;37;6;958456;1;1;0;12221823;0
812;618;RS;Feminino;35;10;0;2;1;0;18043975;0
813;681;SC;Masculino;65;7;1347147;2;0;1;19041981;0
814;516;SC;Feminino;33;3;0;2;1;1;5868559;0
815;421;PR;Masculino;28;8;12238422;3;1;1;8901738;1
816;700;RS;Feminino;26;2;0;2;0;0;5005142;0
817;745;RS;Masculino;25;5;15799315;2;1;0;14604145;0
818;696;RS;Masculino;29;8;0;2;1;0;19116609;0
819;580;PR;Feminino;42;2;12333136;1;0;0;10351608;1
820;497;SC;Masculino;27;9;7526316;1;1;1;16482504;0
821;720;RS;Feminino;43;6;13782403;2;1;0;17255777;0
822;659;PR;Masculino;36;4;13257892;2;1;0;8432094;0
823;841;RS;Feminino;36;5;15602131;1;0;0;12266298;0
824;642;SC;Masculino;34;8;0;1;1;0;720851;0
825;732;SC;Feminino;69;9;13745343;1;0;1;11093224;1
826;600;SC;Masculino;36;4;0;2;1;0;14363536;0
827;464;PR;Masculino;33;8;16428472;2;1;1;371034;0
828;680;RS;Feminino;47;5;0;2;1;1;17984333;0
829;758;SC;Masculino;56;1;0;2;1;1;1064338;0
830;630;PR;Feminino;31;2;11237349;2;1;1;13116798;0
831;577;RS;Feminino;39;10;0;2;1;0;1055331;0
832;684;RS;Feminino;34;6;0;2;1;1;13092822;0
833;708;SC;Feminino;41;5;0;1;0;1;15700399;0
834;732;PR;Feminino;29;1;15433382;1;1;1;13852756;0
835;634;PR;Masculino;37;3;11143277;2;1;1;16703249;0
836;633;RS;Feminino;30;6;0;2;0;0;4164229;0
837;559;RS;Masculino;34;2;13739011;2;1;0;9677;0
838;694;SC;Feminino;37;3;0;2;1;1;14701222;0
839;686;PR;Feminino;56;5;11164208;1;1;1;8055387;0
840;553;SC;Feminino;48;3;0;1;0;1;3073095;1
841;507;RS;Masculino;36;4;8354337;1;0;0;14013443;0
842;732;PR;Masculino;50;6;14533876;1;0;0;919361;1
843;818;RS;Feminino;31;1;18679637;1;0;0;17825263;0
844;660;PR;Masculino;35;8;5864143;1;0;1;19867408;0
845;773;SC;Feminino;41;5;0;1;1;0;282669;1
846;640;RS;Masculino;44;3;13714868;1;1;0;9238101;0
847;505;RS;Masculino;49;7;8000123;1;0;0;13518011;0
848;714;PR;Masculino;21;6;8640252;2;0;0;2733059;0
849;468;RS;Feminino;42;5;0;2;1;0;12530534;0
850;611;SC;Masculino;51;1;12287474;1;1;1;14964845;0
851;705;RS;Masculino;25;0;9754429;1;0;1;5988715;0
852;646;PR;Masculino;46;1;17082655;2;1;0;4504132;0
853;667;PR;Feminino;0;1;9713392;2;0;0;11331677;1
854;511;PR;Feminino;41;8;15389565;1;1;1;3908742;0
855;653;RS;Feminino;43;6;0;2;1;1;733059;0
856;675;RS;Feminino;57;8;0;2;0;1;9546329;0
857;523;SC;Masculino;32;4;0;2;1;0;16784802;0
858;567;PR;Feminino;49;5;13495602;1;1;0;9395384;1
859;741;SC;Masculino;39;7;14363758;2;0;1;17422766;0
860;456;SC;Masculino;32;9;14750625;1;1;1;13539921;0
861;598;RS;Masculino;64;1;0;2;1;0;1956353;1
862;667;RS;Masculino;43;8;19022746;1;1;0;9750804;1
863;548;RS;Feminino;32;2;17244877;1;1;0;18808377;1
864;725;RS;Masculino;41;7;11398021;1;1;1;11670425;0
865;717;RS;Masculino;53;6;0;2;0;1;9761487;0
866;594;RS;Masculino;38;4;0;2;0;0;18688404;0
867;678;PR;Feminino;25;10;7696812;2;0;1;13150172;0
868;545;RS;Masculino;38;1;8829313;2;1;1;2430295;0
869;636;RS;Feminino;-10;1;17083346;1;1;0;11051028;1
870;603;PR;Masculino;44;6;10812239;2;1;0;10848833;1
871;435;RS;Masculino;36;4;0;1;1;1;1970152;0
872;535;RS;Feminino;40;8;0;1;1;1;2768977;0
873;629;PR;Feminino;45;7;12981839;3;1;0;921755;1
874;722;RS;Feminino;35;2;16394389;2;1;1;1506818;0
875;561;RS;Masculino;28;7;0;2;1;0;779701;0
876;645;RS;Feminino;38;5;1014303;2;0;1;440032;0
877;501;RS;Feminino;39;9;11730166;1;0;0;18202595;0
878;502;PR;Feminino;32;1;17334083;1;0;1;12276395;0
879;652;SC;Feminino;42;4;0;2;1;1;3815201;0
880;574;RS;Feminino;33;3;13434857;1;1;0;6316399;0
881;518;RS;Feminino;45;9;10552565;2;1;1;7341829;0
882;749;RS;Feminino;60;6;0;1;1;0;1797868;1
883;679;RS;Feminino;43;4;0;3;1;0;11513651;1
884;565;RS;Masculino;36;6;1061921;1;1;0;14957559;0
885;643;RS;Feminino;45;4;4514443;1;1;0;6091724;1
886;515;RS;Masculino;65;7;9211361;1;1;1;14254833;0
887;521;RS;Masculino;25;7;0;2;1;1;15787867;0
888;739;SC;Masculino;38;0;12836644;1;1;0;1279643;0
889;585;RS;Masculino;0;2;0;2;1;1;1865777;0
890;733;PR;Masculino;74;3;10654553;1;1;1;13458958;0
891;542;RS;Feminino;43;8;14561837;1;0;1;1035074;0
892;788;SC;Masculino;37;8;14154125;1;0;0;6601327;0
893;435;PR;Masculino;32;2;5701706;2;1;1;590711;0
894;577;RS;Masculino;42;9;0;1;1;0;7407791;0
895;703;RS;Feminino;51;3;0;3;1;1;7729456;1
896;728;PR;Feminino;35;8;12588495;2;1;0;5435902;1
897;728;PR;Masculino;32;5;618255;1;1;1;15612493;0
898;718;RS;Masculino;35;8;0;2;1;0;9482085;0
899;621;RS;Feminino;40;6;0;1;1;0;15515525;0
900;523;RS;Feminino;40;2;10296741;1;1;0;1287021;1
901;657;PR;Masculino;25;2;17177055;1;1;0;227455;0
902;727;PR;Masculino;40;1;9305164;2;1;0;7186531;1
903;643;RS;Masculino;36;7;16106464;2;0;1;8429482;0
904;645;RS;Feminino;48;7;9061234;1;1;1;14913913;0
905;568;RS;Masculino;28;5;14510564;2;1;0;18548911;0
906;599;RS;Masculino;58;4;0;1;0;0;17640715;1
907;672;RS;Feminino;45;9;0;1;1;1;9202769;1
908;685;RS;Masculino;33;6;17491272;1;1;1;4393254;0
909;516;RS;Feminino;46;1;10494772;1;1;0;11578925;1
910;685;SC;Masculino;31;10;13521371;1;1;1;12577728;0
911;806;SC;Masculino;25;7;0;2;1;0;184619;0
912;604;RS;Masculino;36;6;11622985;2;1;1;7963338;0
913;648;SC;Feminino;53;6;11120141;1;1;1;12154229;0
914;545;SC;Feminino;32;4;0;1;1;0;947392;0
915;756;PR;Masculino;27;1;131899;1;1;0;9330229;0
916;569;RS;Masculino;35;10;12452552;1;1;1;19379378;0
917;596;RS;Masculino;47;6;0;1;1;0;7483565;0
918;475;RS;Masculino;39;6;0;1;1;1;569999;1
919;646;RS;Feminino;45;3;4713475;1;1;1;5723644;0
920;784;SC;Masculino;35;3;0;2;0;0;8148364;0
921;552;SC;Masculino;45;9;0;2;1;0;2675256;0
922;729;RS;Masculino;44;5;0;2;0;1;920054;0
923;609;SC;Masculino;61;1;0;1;1;0;2244785;1
924;555;RS;Masculino;51;5;0;3;1;0;18912289;1
925;572;PR;Feminino;19;1;13865708;1;1;1;1616182;0
926;785;RS;Feminino;34;9;7030248;1;1;1;6860036;0
927;714;PR;Feminino;36;1;10160901;2;1;1;44773;0
928;738;SC;Masculino;35;3;0;1;1;1;1565073;0
929;639;PR;Masculino;38;5;13017082;1;1;1;14959962;0
930;520;PR;Masculino;61;8;13380229;2;1;1;9030401;0
931;764;RS;Feminino;24;7;10623402;1;0;0;11567638;0
932;661;SC;Masculino;0;6;13262898;1;0;0;3881267;0
933;564;PR;Masculino;0;9;10352275;2;1;1;3433821;0
934;708;PR;Feminino;42;8;19239052;2;1;0;82336;0
935;512;SC;Masculino;36;1;0;1;0;1;13548226;1
936;592;SC;Masculino;37;9;0;3;1;1;1065689;0
937;619;RS;Feminino;38;3;0;2;0;1;11646735;0
938;775;RS;Masculino;52;8;10992261;1;1;1;9682332;1
939;850;PR;Feminino;44;5;12860532;1;0;1;1710962;0
940;577;RS;Feminino;37;4;0;1;1;1;7988139;0
941;724;RS;Feminino;37;10;6859856;1;1;0;15786282;0
942;710;SC;Masculino;35;1;10651852;1;1;1;12795181;0
943;696;RS;Feminino;31;8;0;2;0;0;19107411;0
944;376;RS;Feminino;46;6;0;1;1;0;15733369;1
945;675;PR;Feminino;29;8;12132642;1;1;0;13345752;0
946;745;RS;Masculino;36;8;6722637;1;1;0;1307896;0
947;697;SC;Feminino;25;5;8293185;2;1;1;12837388;0
948;599;SC;Feminino;39;4;0;1;1;0;1942732;1
949;715;RS;Feminino;0;5;11859041;1;1;1;568417;1
950;659;RS;Masculino;67;4;14598187;1;1;1;1310432;0
951;684;RS;Feminino;48;3;7330938;1;0;0;2122834;1
952;635;RS;Feminino;48;8;13079633;2;1;1;432503;0
953;789;PR;Masculino;33;8;15160756;1;1;0;43894;0
954;571;PR;Feminino;66;9;11157701;1;0;1;1892719;0
955;694;SC;Masculino;39;0;10704274;1;1;1;1022842;0
956;665;SC;Feminino;42;2;15637161;2;0;1;15677494;1
957;706;RS;Feminino;44;4;12960599;1;0;0;6986549;0
958;807;SC;Feminino;43;0;0;2;0;1;8552324;0
959;771;SC;Feminino;67;8;0;2;1;1;512198;0
960;531;SC;M;27;8;13257625;1;0;0;722292;0
961;629;RS;Feminino;37;6;1291013;1;1;1;2397133;0
962;850;PR;Feminino;31;1;1088224;1;1;1;13217331;0
963;685;SC;Masculino;35;4;13794851;1;1;0;11363964;0
964;642;SC;Masculino;32;7;1004338;1;1;1;3976859;0
965;529;SC;;63;4;9613411;3;1;0;10873296;1
966;683;PR;Feminino;43;4;11588804;1;1;1;11734919;1
967;663;RS;Feminino;42;5;12462607;1;1;1;780045;0
968;563;RS;Feminino;34;6;13981034;1;1;1;15241779;0
969;637;SC;Feminino;34;9;0;2;0;0;2605708;0
970;544;RS;Masculino;37;3;8449671;1;0;0;7997209;0
971;649;PR;;70;9;11685471;2;0;1;10712579;0
972;638;RS;Feminino;48;10;13833303;1;1;1;4767914;0
973;723;RS;Masculino;25;3;0;2;1;1;13450947;0
974;635;PR;Masculino;43;5;7899275;2;0;0;15326531;0
975;750;SC;M;38;7;9725741;2;0;1;17988304;0
976;730;RS;Masculino;34;5;12245337;2;1;0;13888298;0
977;750;SC;Feminino;36;8;11294007;1;0;1;985581;0
978;586;RS;Feminino;43;8;13255826;1;1;0;6704683;1
979;520;RS;Feminino;38;4;0;2;1;0;5638863;0
980;652;RS;Feminino;48;8;13329724;1;1;0;7776437;0
981;550;RS;Feminino;46;7;0;2;1;0;13059035;0
982;594;RS;Masculino;27;0;1970418;1;0;0;15191249;0
983;749;PR;Feminino;44;0;7149779;2;0;0;1510838;0
984;668;RS;Masculino;32;7;0;2;1;1;77737;0
985;614;PR;Feminino;35;6;12810028;1;0;0;;1
986;773;RS;Masculino;-20;1;12453278;2;0;1;1172357;0
987;551;PR;Masculino;31;9;8229382;2;1;1;9156525;0
988;566;RS;Masculino;36;1;14212091;1;1;0;7961637;0
989;569;SC;Masculino;34;0;15183926;1;1;0;10229981;1
990;659;SC;F;31;7;14962088;2;1;1;10453351;0
991;722;RS;Feminino;49;3;16819766;1;1;0;14076557;1
992;655;RS;Masculino;140;5;93147;2;1;0;6621413;0
993;615;RS;Feminino;35;2;9744002;2;1;1;1398161;0
994;752;PR;Feminino;42;3;6504608;2;0;1;14013928;0
995;661;SC;Feminino;28;7;9535749;1;0;0;10229715;0
996;838;SC;Masculino;43;9;12310588;2;1;0;14576583;0
997;610;SC;Masculino;29;9;0;3;0;1;8391224;0
998;811;SC;Masculino;44;3;0;2;0;1;7843973;0
999;587;SC;Masculino;62;7;12128627;1;0;1;677692;0
1000;811;PR;Feminino;28;4;16773882;2;1;1;990342;0
